id,name,stacks,kind,tags,description,install,setup_notes,license,docs_url,verified_at
shadcn-ui,shadcn/ui,react|next,styled-kit,shadcn|components|tailwind|copy paste|open code|radix|base ui|design system|nextjs ui|accessible,"Open-code Tailwind component collection copied into your repo (components/ui) via a CLI, built on Radix or Base UI; the default pick for a React/Next site you want to fully own and restyle.",npx shadcn@latest init,Needs Tailwind CSS v4 and a tsconfig path alias (@/* -> ./* or ./src/*). init asks for Radix or Base UI; component imports are identical either way (@/components/ui/<name>). Add components with npx shadcn@latest add <name>.,MIT,https://ui.shadcn.com/docs,2026-09-27
radix-ui,Radix Primitives,react|next,primitives,radix|headless|unstyled|accessible|primitives|wai-aria|dialog|dropdown|popover|tooltip,"Unstyled, accessible React primitives (dialog, menus, popover, tabs, navigation menu...) in one tree-shakable package; pick it when you want to write all the styling yourself.",npm install radix-ui@latest,"Single package: import { Dialog } from ""radix-ui"" then use Dialog.Root / Dialog.Trigger / etc. Per-part import also works: import * as Popover from ""radix-ui/popover"". Unstyled: style via data-state attributes.",MIT,https://www.radix-ui.com/primitives/docs/overview/getting-started,2026-09-27
base-ui,Base UI,react|next,primitives,base ui|mui|headless|unstyled|accessible|primitives|combobox|drawer|toast|navigation menu,"Unstyled accessible React components from the MUI/Radix/Floating UI team (combobox, drawer, toast, navigation menu, menus...); pick it for a modern headless base with more components than Radix.",npm install @base-ui/react,Import per component: import { Dialog } from '@base-ui/react/dialog'. Add .root { isolation: isolate } to the app root wrapper so portaled popups stack above content; for iOS 26+ Safari add body { position: relative }. Package was previously @base-ui-components/react.,MIT,https://base-ui.com/react/overview/quick-start,2026-09-27
react-aria-components,React Aria Components,react|next,primitives,react aria|adobe|headless|unstyled|accessible|i18n|internationalization|date picker|combobox|table|touch,"Adobe's unstyled, deeply accessible and internationalized component library (date pickers, combobox, table, drag and drop); pick it when accessibility, keyboard and locale support matter most.",npm install react-aria-components,"Docs import from per-component subpaths, e.g. import {Select, SelectValue} from 'react-aria-components/Select' (the package root also exports everything). Components are client-only. Style via render props or data attributes; docs offer vanilla CSS and Tailwind starters.",Apache-2.0,https://react-aria.adobe.com/getting-started,2026-09-27
headless-ui,Headless UI,react|next,primitives,headless ui|tailwind labs|unstyled|accessible|dialog|menu|listbox|combobox|disclosure|popover,"Tailwind Labs' small set of unstyled, accessible React components designed to pair with Tailwind CSS; pick it for simple menus, dialogs, listboxes and disclosures in a Tailwind project.",npm install @headlessui/react,"Components expose data-* state attributes (data-open, data-focus, data-selected) for Tailwind styling and a transition prop for enter/leave animation.",MIT,https://headlessui.com,2026-09-27
mantine,Mantine,react|next,styled-kit,mantine|component library|styled|hooks|dates|carousel|notifications|spotlight|marquee|dashboard,"Large fully styled React component library (120+ components, hooks, dates, carousel, notifications, spotlight) themed with CSS variables; pick it for feature-rich apps and dashboards without Tailwind.",npm install @mantine/core @mantine/hooks,"Import '@mantine/core/styles.css' at the root and wrap the app in <MantineProvider>. Install postcss postcss-preset-mantine postcss-simple-vars and add postcss.config.cjs. Extension packages (@mantine/dates, @mantine/carousel, @mantine/notifications, @mantine/spotlight) each need their own styles.css import after core styles. Current major: v9.",MIT,https://mantine.dev/getting-started/,2026-09-27
heroui,HeroUI,react|next,styled-kit,heroui|nextui|tailwind|styled|react aria|accessible|modern|beautiful|animations,"Styled, animated React component library (formerly NextUI) built on Tailwind CSS v4 and React Aria; pick it for a polished look out of the box with accessible behavior.",npm i @heroui/styles @heroui/react,"v3 requires React 19+ and Tailwind CSS v4. In the main CSS file add @import ""tailwindcss""; then @import ""@heroui/styles""; (order matters). No Provider needed. Components use compound dot notation (Modal.Backdrop, Modal.Dialog...).",MIT,https://heroui.com/docs/react/getting-started/quick-start,2026-09-27
chakra-ui,Chakra UI,react|next,styled-kit,chakra|chakra ui|styled|design system|emotion|ark ui|zag|carousel|marquee|date picker,"Styled, themeable React component system (v3, built on Ark UI/Zag state machines) with carousel, marquee and date picker; pick it for a prop-styled design system with strong theming.",npm i @chakra-ui/react @emotion/react && npx @chakra-ui/cli snippet add,"Wrap the app in the generated <Provider> from @/components/ui/provider (ChakraProvider + next-themes). Set tsconfig module ESNext, moduleResolution Bundler, and paths @/*. Some components (toaster, tooltip) are CLI snippets imported from @/components/ui/*. Node 20+.",MIT,https://chakra-ui.com/docs/get-started/installation,2026-09-27
ark-ui,Ark UI (React),react|next,primitives,ark ui|zag|headless|unstyled|state machine|carousel|marquee|floating panel|date picker|combobox,"Headless, accessible components driven by Zag.js state machines (carousel, date picker, marquee, floating panel, combobox...); pick it for unstyled parts beyond what Radix offers.",npm install @ark-ui/react,Import per component subpath: import { Dialog } from '@ark-ui/react/dialog'. Unstyled; style via data-part / data-state attributes. Use <Portal> from '@ark-ui/react/portal' for overlays.,MIT,https://ark-ui.com/docs/overview/getting-started,2026-09-27
magic-ui,Magic UI,react|next,animated-components,magic ui|magicui|animated|landing page|marketing|motion|shadcn registry|marquee|bento|number ticker|background,"Free, open-source animated components for landing pages (marquee, bento grid, number ticker, beams, grid/dot backgrounds, text effects) installed as shadcn registry items; pick it for showpiece marketing sections.",npx shadcn@latest add @magicui/<component>,"Requires a shadcn/ui setup (Tailwind v4, components.json). Files land in components/ui; the CLI installs deps such as motion. Some components need CSS keyframes in globals.css (see each page). Magic UI Pro is a separate paid product and is not listed here.",MIT,https://magicui.design/docs,2026-09-27
aceternity-ui,Aceternity UI,react|next,animated-components,aceternity|animated|hero|landing page|motion|framer motion|tailwind|shadcn registry|aurora|beams|spotlight|parallax,"Flashy Tailwind + Motion components for hero sections and landing pages (aurora, beams, spotlight, sparkles, parallax, animated navbars) installed via the shadcn CLI; pick it for high-impact marketing visuals.",npx shadcn@latest add @aceternity/<component>,"Requires a shadcn/ui-style setup (Tailwind v4, @/ alias); files land in components/ui and deps (usually motion) are installed by the CLI. License: free for unlimited personal and commercial projects, but redistribution/resale as a competing library is not allowed. Pro components are paid and excluded here.",proprietary,https://ui.aceternity.com/components,2026-09-27
motion-primitives,Motion Primitives,react|next,animated-components,motion primitives|motion|animated|text effect|morphing dialog|infinite slider|tilt|magnetic|micro interaction,"Open-source kit of small motion-driven UI building blocks (text effects, morphing dialog, infinite slider, animated numbers, tilt, spotlight); pick it for tasteful micro-interactions in Tailwind projects.",npm install motion && npx motion-primitives@latest add <component>,"Requires Tailwind CSS and motion (some components also need lucide-react or react-use-measure). The motion-primitives CLI writes components/motion-primitives/<name>.tsx; the shadcn alternative (npx shadcn@latest add ""https://motion-primitives.com/c/<name>.json"") writes components/ui/<name>.tsx instead, so adjust the import path.",MIT,https://motion-primitives.com/docs,2026-09-27
react-bits,React Bits,react|next,animated-components,react bits|reactbits|animated|text animation|webgl background|shader|gsap|ogl|three|creative|landing page,"Large free collection of animated text effects, WebGL/shader backgrounds and interactive components, each in JS/TS and CSS/Tailwind variants; pick it for bold creative backgrounds and text animations.",npx shadcn@latest add https://reactbits.dev/r/<Component>-TS-TW,"Variant suffix is <LANG>-<STYLE>: JS|TS and CSS|TW (jsrepo also works: npx jsrepo@latest add <same url>). Components are default exports; docs import them relatively (import SplitText from ""./SplitText""), so adjust to wherever the CLI placed the file. Deps vary per component (gsap, motion, ogl, three). License is MIT + Commons Clause (free to use in projects, not to resell the components); React Bits Pro is separate and paid.",proprietary,https://www.reactbits.dev/get-started/installation,2026-09-27
sonner,Sonner,react|next,styled-kit,sonner|toast|notification|snackbar|alert|emil kowalski,"Opinionated, animated toast notifications for React with a one-line API; pick it for app-wide toasts (shadcn/ui uses it).",npm install sonner,"Render <Toaster /> once near the app root, then call toast('...') anywhere. shadcn/ui wraps it as npx shadcn@latest add sonner.",MIT,https://sonner.emilkowal.ski/,2026-09-27
vaul,Vaul,react|next,primitives,vaul|drawer|bottom sheet|mobile sheet|swipe|emil kowalski,Unstyled drawer / bottom-sheet component for React with drag-to-dismiss and snap points (built on Radix Dialog); pick it for mobile-style sheets.,npm install vaul,The repository is marked unmaintained by its author (still widely used; shadcn/ui Drawer wraps it). Prefer Base UI Drawer for new work if you need an actively maintained option. Docs show pnpm i vaul.,MIT,https://vaul.emilkowal.ski/getting-started,2026-09-27
cmdk,cmdk,react|next,primitives,cmdk|command palette|command menu|cmd k|spotlight search|launcher|combobox,"Fast, unstyled, composable command-menu (Cmd+K palette) component for React; pick it for command palettes and searchable action lists.",npm install cmdk,Unstyled; style via [cmdk-*] attributes. Command.Dialog renders it in a Radix Dialog. shadcn/ui wraps it as npx shadcn@latest add command. README shows pnpm install cmdk.,MIT,https://cmdk.paco.me/,2026-09-27
embla-carousel-react,Embla Carousel (React),react|next,primitives,embla|carousel|slider|slideshow|swipe|autoplay|headless carousel,"Lightweight headless carousel engine with a React hook and plugins (autoplay, auto-scroll, fade); pick it for fully custom sliders (shadcn and Mantine carousels use it).",npm install embla-carousel-react --save,"Headless: you supply the markup/CSS (.embla__viewport overflow hidden; .embla__container display flex; .embla__slide flex 0 0 100%, min-width 0). Plugins install separately (embla-carousel-autoplay, etc.).",MIT,https://www.embla-carousel.com/docs/get-started/react,2026-09-27
react-day-picker,React DayPicker,react|next,styled-kit,daypicker|react day picker|date picker|calendar|date range|datepicker,"Customizable date picker / calendar component with single, multiple and range selection; pick it for inline calendars or to build a popover date picker.",npm install @daypicker/react,"Import the stylesheet: import ""@daypicker/react/style.css"". v10 is published as @daypicker/react (current docs) and also under the older name react-day-picker (same version); shadcn/ui Calendar is built on it.",MIT,https://daypicker.dev/,2026-09-27
tanstack-table,TanStack Table,react|next,primitives,tanstack table|react table|data table|datagrid|headless table|sorting|filtering|pagination,"Headless table/datagrid logic (sorting, filtering, pagination, selection, grouping) that you render with your own markup; pick it for data tables.",npm install @tanstack/react-table,v9 API: register features with tableFeatures({...}) and create the table with useTable (v8 used useReactTable/getCoreRowModel; see the migration guide). Works with React 18+. shadcn/ui Data Table is a styled recipe on top of it.,MIT,https://tanstack.com/table/latest/docs/framework/react/quick-start,2026-09-27
coss-ui,coss ui (formerly Origin UI),react|next,styled-kit,coss|coss ui|origin ui|originui|base ui|tailwind|shadcn registry|components|particles,"Tailwind component collection built on Base UI and distributed through the shadcn CLI; Origin UI's successor, pick it for shadcn-style open code on a Base UI foundation.",npx shadcn@latest init @coss/style,Existing shadcn projects: npx shadcn@latest add @coss/ui (all primitives) or add single components with npx shadcn@latest add @coss/<name>. Components land in components/ui. The apps/ui directory is MIT (the rest of the coss monorepo is AGPL).,MIT,https://coss.com/ui/docs/get-started,2026-09-27
