id,library_id,component,category,tags,stacks,description,install,import,usage,a11y_notes,docs_url,verified_at
native-html--dialog,native-html,Dialog (<dialog>),overlay,dialog|modal|popup|lightbox|confirm dialog|overlay|showmodal|native|no dependency,react|next|vue|nuxt|svelte|solid|angular|astro|html,Native modal or non-modal dialog; showModal() renders it in the top layer with the page behind made inert. The default modal for plain HTML sites.,none (built into the browser),none,"<dialog id=""d"" aria-labelledby=""d-t""><h2 id=""d-t"">Title</h2><form method=""dialog""><button>Close</button></form></dialog><button onclick=""d.showModal()"">Open</button>","Baseline widely available (2022). showModal(): background inert, aria-modal implied, Esc closes, focus moves inside and returns to the trigger on close. Always include a visible close button and a label. Page scroll is not locked (html:has(dialog[open]) {overflow:hidden}). Click-outside dismiss via closedby=""any"" is Chrome 134+/Firefox 141+ only (not Safari yet): add a backdrop click handler if you need it.",https://developer.mozilla.org/en-US/docs/Web/HTML/Reference/Elements/dialog,2026-09-28
native-html--popover,native-html,Popover (popover attribute),overlay,popover|popup|dropdown|flyout|menu|toggletip|light dismiss|top layer|native,react|next|vue|nuxt|svelte|solid|angular|astro|html,"Any element becomes a top-layer popover with light dismiss, toggled declaratively by a button's popovertarget; no z-index or JS needed for menus and panels.",none (built into the browser),none,"<button popovertarget=""more"">More</button><div id=""more"" popover>...</div>","Baseline 2024. Not modal: no focus trap, so it suits menus, pickers and toggletips, not dialogs. Esc and click-outside close popover=""auto""; the invoking button gets its expanded state exposed. Add role=menu only if you also build the menu keyboard pattern. popover=""hint"" is Chrome 151+/Firefox 153+ only (not Safari yet).",https://developer.mozilla.org/en-US/docs/Web/HTML/Reference/Global_attributes/popover,2026-09-28
native-html--details,native-html,Disclosure / accordion (<details>/<summary>),data-display,accordion|disclosure|collapse|expand|faq|collapsible|show more|exclusive accordion|details|summary,react|next|vue|nuxt|svelte|solid|angular|astro|html,Native disclosure widget; <details> elements sharing a name attribute form an exclusive accordion (one open at a time). Right for FAQs and show-more sections.,none (built into the browser),none,"<details name=""faq""><summary>Question</summary><p>Answer</p></details>","Summary is keyboard operable and announces expanded/collapsed. name (exclusive accordion) is Chrome 120+, Firefox 130+, Safari 17.2+. Don't put links or buttons inside <summary>. Animating open/close needs ::details-content plus interpolate-size, which not all browsers support: treat it as enhancement.",https://developer.mozilla.org/en-US/docs/Web/HTML/Reference/Elements/details,2026-09-28
native-html--select,native-html,Select (incl. customizable select),form,select|dropdown|picker|listbox|custom select|styled select|base-select|option,react|next|vue|nuxt|svelte|solid|angular|astro|html,"Native select; with appearance: base-select the button and picker become fully stylable (icons, rich options) while keeping native behaviour.",none (built into the browser),none,"<select><button><selectedcontent></selectedcontent></button><option>One</option></select> + CSS: select, ::picker(select) { appearance: base-select; }","Keyboard, type-ahead and screen-reader support come from the platform. Customizable select (appearance: base-select) is Chrome/Edge 135+ and Safari 27+, not Firefox; other browsers show a normal select, so it is safe progressive enhancement. For search-inside or multi-select with chips, use a combobox library.",https://developer.mozilla.org/en-US/docs/Learn_web_development/Extensions/Forms/Customizable_select,2026-09-28
native-html--date-input,native-html,Date input (<input type=date>),form,date picker|datepicker|calendar|date input|date field|birthday,react|next|vue|nuxt|svelte|solid|angular|astro|html,Native date field with the platform's localized calendar picker; enough for single dates such as bookings or birthdays when brand styling of the calendar isn't needed.,none (built into the browser),none,"<label for=""when"">Date</label><input type=""date"" id=""when"" name=""when"" min=""2026-01-01"">","Keyboard and screen-reader support from the platform; value is always YYYY-MM-DD. The picker UI differs per browser and can't be styled. No range selection, no per-day availability or disabled days beyond min/max/step: use a date-picker library for those.",https://developer.mozilla.org/en-US/docs/Web/HTML/Reference/Elements/input/date,2026-09-28
native-html--range-input,native-html,Range slider (<input type=range>),form,slider|range|range slider|volume|price range|input range,react|next|vue|nuxt|svelte|solid|angular|astro|html,Native single-thumb slider for a numeric value; pair with <output> to show it.,none (built into the browser),none,"<label for=""vol"">Volume</label><input type=""range"" id=""vol"" min=""0"" max=""100"" value=""50""><output for=""vol"">50</output>",Arrow/Page/Home/End keys and slider semantics are built in. Always give it a label and show the value. Styling the thumb/track needs ::-webkit-slider-thumb and ::-moz-range-thumb. One thumb only: a two-thumb price range needs a library.,https://developer.mozilla.org/en-US/docs/Web/HTML/Reference/Elements/input/range,2026-09-28
native-html--datalist,native-html,Suggestions (<datalist>),form,combobox|autocomplete|suggestions|typeahead|autosuggest|datalist,react|next|vue|nuxt|svelte|solid|angular|astro|html,Suggestion list attached to a text input (combobox-lite); users may still type any value. Fine for optional hints on internal or low-stakes forms.,none (built into the browser),none,"<input list=""flavors"" id=""f""><datalist id=""flavors""><option value=""Vanilla""></option></datalist>","Not Baseline (limited availability). The popup can't be styled, its text doesn't zoom with the page, and some screen-reader/browser pairs (NVDA + Firefox) don't announce it. Not a <select> replacement; for filtering, async results or rich options use an accessible combobox library.",https://developer.mozilla.org/en-US/docs/Web/HTML/Reference/Elements/datalist,2026-09-28
native-html--progress-meter,native-html,"Progress / Meter (<progress>, <meter>)",feedback,progress bar|progress|loading|upload progress|meter|gauge|level|indicator,react|next|vue|nuxt|svelte|solid|angular|astro|html,"<progress> shows task completion (indeterminate without a value); <meter> shows a scalar within a known range (storage used, score, strength).",none (built into the browser),none,"<label for=""up"">Upload</label><progress id=""up"" max=""100"" value=""40"">40%</progress>","Implicit progressbar/meter roles; label them. Indeterminate progress has no value attribute. Styling needs vendor pseudo-elements (::-webkit-progress-value, ::-moz-progress-bar). Don't use <meter> for task progress.",https://developer.mozilla.org/en-US/docs/Web/HTML/Reference/Elements/progress,2026-09-28
native-html--anchor-tooltip,native-html,Tooltip / toggletip (popover + CSS anchor positioning),overlay,tooltip|toggletip|hint|anchor positioning|position-area|flyout|info bubble,react|next|vue|nuxt|svelte|solid|angular|astro|html,"Popover tethered to its trigger with CSS anchor positioning (anchor-name, position-anchor, position-area, position-try-fallbacks); no positioning library.",none (built into the browser),none,"<button popovertarget=""tip"" style=""anchor-name:--tip"">?</button><div id=""tip"" popover style=""position-anchor:--tip;position-area:top"">Help text</div>","Anchor positioning is Chrome/Edge 125+, Safari 26+ and Firefox 147+ with partial gaps: wrap it in @supports (anchor-name: --a) and give a fallback position. A hover tooltip must also open on focus, stay while hovered and close on Esc (WCAG 1.4.13); prefer a click toggletip for essential information and never hide the only label in a tooltip.",https://developer.mozilla.org/en-US/docs/Web/CSS/CSS_anchor_positioning,2026-09-28
native-html--search,native-html,Search landmark (<search>),form,search|search form|site search|search landmark|search bar,react|next|vue|nuxt|svelte|solid|angular|astro|html,Wraps a search or filter form and exposes it as a search landmark for screen-reader navigation.,none (built into the browser),none,"<search><form action=""/search""><label for=""q"">Search</label><input type=""search"" id=""q"" name=""q""><button>Go</button></form></search>","Implicit role=search. Chrome 118+, Firefox 118+, Safari 17+; older browsers treat it as a generic element (add role=""search"" if they matter). Still label the input; a placeholder is not a label.",https://developer.mozilla.org/en-US/docs/Web/HTML/Reference/Elements/search,2026-09-28
native-html--form-validation,native-html,Form validation (constraint validation API),form,form validation|validation|required|error message|input validation|pattern|user-invalid|invalid field,react|next|vue|nuxt|svelte|solid|angular|astro|html,"Built-in validation from required, type, min/max, pattern plus checkValidity(), validity and setCustomValidity(); style errors with :user-invalid.",none (built into the browser),none,"<form novalidate><input type=""email"" required aria-describedby=""e-err""><p id=""e-err""></p></form> + CSS: input:user-invalid { border-color: var(--color-danger); }","Native error bubbles are brief and inconsistently announced: for accessible errors use novalidate, read input.validity on submit, write messages into text linked by aria-describedby, set aria-invalid and focus the first invalid field. :user-invalid is Chrome 119+, Firefox 88+, Safari 16.5+.",https://developer.mozilla.org/en-US/docs/Web/HTML/Guides/Constraint_validation,2026-09-28
