id,name,technique,trigger,stacks,tags,description,duration_ms,easing,reduced_motion,file,docs_url,verified_at
story-languages,Motion language presets (brand physics),js,state,html|react|next|vue|nuxt|svelte|solid|angular|astro,motion language|brand physics|weighty|precise|organic|airy|playful|cinematic|mechanical|easing preset|tokens|story,"Seven presets that set scene easing, duration, stagger and distance plus matching CSS motion tokens, so scenes, hovers and menus share one brand physics.",500-1400,per preset (e.g. power3.out for weighty),Presets unchanged; the engines skip movement under reduced motion,story/languages.js,https://gsap.com/docs/v3/Eases/,2026-09-30
story-scene,Declarative scene builder (SVG parts by step),gsap,scroll,html|react|next|vue|nuxt|svelte|solid|angular|astro,scene|svg|build|assemble|construction|building|grow|drop|draw|count|exploded view|motion graphic|illustration|diagram|story,"Turns an SVG authored in its finished state into a stepped timeline: parts marked data-step and data-enter (drop, grow, pop, light, wipe, draw, count, move) arrive per step and can exit later.",per language,per language,Scene is shown in its finished state or jumps step by step,story/scene.js,https://gsap.com/docs/v3/GSAP/Timeline/,2026-09-30
story-scroll,Sticky scrollytelling (scene beside scrolling steps),gsap,scroll,html|react|next|vue|nuxt|svelte|solid|angular|astro,scrollytelling|sticky|scroll story|storytelling|steps|sticky split|stage|build as you scroll|construction|process|how it works|story,"Sticky stage beside (or behind) text steps; the scene timeline is scrubbed by scroll or played per active step, with the active step marked for styling and assistive tech.",scrubbed or per language,none when scrubbed; language ease in play mode,No scrub: the scene jumps to each step's end state as the step becomes active,story/story-scroll.js,https://gsap.com/docs/v3/Plugins/ScrollTrigger/,2026-09-30
story-layout,Sticky split layout for story scenes,css,scroll,html|react|next|vue|nuxt|svelte|solid|angular|astro,sticky split|scrollytelling layout|stage right|stage left|stage behind|stage top|mobile stage|story,"Layout for story-scroll: sticky stage and step column with stage-right, stage-left, stage-top and stage-behind variants; phones pin a shorter stage on top with steps as cards.",n/a,n/a,Step dimming transitions removed; all steps fully visible without JS,story/story.css,https://developer.mozilla.org/en-US/docs/Web/CSS/position,2026-09-30
story-chapters,Pinned chapters with progress rail,gsap,scroll,html|react|next|vue|nuxt|svelte|solid|angular|astro,pinned chapters|chapters|manifesto|case study|voices|full screen|progress rail|crossfade|wipe|story,"Full-viewport chapters pinned in one place and changed by fade, wipe, slide or zoom as you scroll, with a rail showing which chapter you're on.",scrubbed,none (scrubbed),Chapters stay as normal stacked sections,story/chapters.js,https://gsap.com/docs/v3/Plugins/ScrollTrigger/,2026-09-30
story-before-after,Before and after wipe (scroll + range),gsap,scroll,html|react|next|vue|nuxt|svelte|solid|angular|astro,before after|transformation|renovation|compare|comparison slider|wipe|clip-path|results|story,"Scroll-scrubbed clip-path wipe from the before to the after image, plus a labelled range input so anyone can compare by hand.",scrubbed,none (scrubbed),Range input only; no scroll wipe,story/before-after.js,https://developer.mozilla.org/en-US/docs/Web/CSS/clip-path,2026-09-30
story-text-highlight,Manifesto text highlight on scroll,gsap,scroll,html|react|next|vue|nuxt|svelte|solid|angular|astro,text highlight|manifesto|words light up|scroll text|reading|beliefs|values|voice|story,"A belief or origin paragraph starts dim and brightens word by word as it is read, matching reading speed to scroll speed.",scrubbed,none (scrubbed),Text fully bright; no splitting,story/text-highlight.js,https://gsap.com/docs/v3/Plugins/ScrollTrigger/,2026-09-30
story-zoom-through,Zoom-through into the next scene,gsap,scroll,html|react|next|vue|nuxt|svelte|solid|angular|astro,zoom|zoom through|dive in|enter the world|macro|detail|scale|pinned|finale|story,"Pinned window or mask scales until it fills the viewport and reveals the next scene: entering a world, diving into a detail, or a closing reveal.",scrubbed,none (scrubbed),Static: both scenes shown in order,story/zoom-through.js,https://gsap.com/docs/v3/Plugins/ScrollTrigger/,2026-09-30
story-image-sequence,Canvas image-sequence scrub (product rotation),gsap,scroll,html|react|next|vue|nuxt|svelte|solid|angular|astro,image sequence|canvas|frames|360|product rotation|turntable|unboxing|apple style|render|story,"Draws pre-rendered frames on a canvas in step with scroll for a photoreal rotation or unboxing, with progressive preloading and fewer frames on phones.",scrubbed,none (scrubbed),Poster frame only,story/image-sequence.js,https://gsap.com/docs/v3/Plugins/ScrollTrigger/,2026-09-30
story-path-journey,Route or timeline path journey,gsap,scroll,html|react|next|vue|nuxt|svelte|solid|angular|astro,path|route|journey|map|supply chain|timeline|milestones|marker|motion path|travel|origin|story,"An SVG route draws with scroll while a marker follows it and stops light up as they're passed: supply chains, travel, histories, processes.",scrubbed,none (scrubbed),Path fully drawn; marker at the end; all stops active,story/path-journey.js,https://gsap.com/docs/v3/Plugins/MotionPathPlugin/,2026-09-30
story-adapters,"Lottie, Rive, video and 3D stage adapters",js,scroll,html|react|next|vue|nuxt|svelte|solid|angular|astro,lottie|dotlottie|rive|video scrub|three.js|3d|webgl|adapter|timelapse|story,"Turns a dotLottie player, a Rive number input, a video or any render loop into an onProgress target, so non-SVG stages plug into story-scroll.",scrubbed,none (scrubbed),Stage shows its poster or first frame,story/adapters.js,https://developers.lottiefiles.com/docs/dotlottie-player/dotlottie-web/,2026-09-30
story-react,StoryScroll for React / Next.js (GSAP),gsap,scroll,react|next,react|next.js|nextjs|client component|useGSAP|scrollytelling|sticky|story|app router,"Client component and hook that render the story-scroll markup around server-rendered stage and step content and clean up every ScrollTrigger on unmount.",scrubbed or per language,per language,Same as story-scroll,story/StoryScroll.tsx,https://gsap.com/resources/React/,2026-09-30
story-motion-react,Sticky steps with Motion (React),motion,scroll,react|next,motion|framer motion|useScroll|useTransform|scrollytelling|sticky|story|react,"The sticky-scene pattern built with Motion's useScroll and useTransform, for projects already using Motion instead of GSAP.",scrubbed,none (scrubbed),useReducedMotion: stage shows discrete step states,story/sticky-steps-motion.tsx,https://motion.dev/docs/react-scroll-animations,2026-09-30
