id,name,beat,tags,description,layout,motion,pairs_with,avoid_when
cold-open,Cold open,opening,opening|first scene|mid-story|cinematic|intro|hero alternative,"Starts mid-story with one striking scene and one line, like a film's first shot; the offer arrives a scroll later.","Full-bleed scene or photograph, one short line, small logo; nav quiet until scroll.","Scene settles slowly, headline lands last; nothing else moves.",hero-load-sequence|story-zoom-through,Transactional sites where visitors need the offer and price immediately.
statement-hero,Oversized statement,opening,statement|manifesto hero|big type|headline|typographic hero|bold,"One sentence set huge and cropped at the edge, carrying the brand's point of view before any imagery.","Display type across 10-12 columns, real product visual pushed below or to a small inset.",Word or line split reveal once; the rest static.,text-split-reveal|hero-load-sequence,Brands without a sharp one-line point of view; long product names.
product-first-hero,Product in hand,opening,product hero|device|interface|app screenshot|packshot|hardware,The real product or interface fills the first screen at large size; the headline is small and precise beside it.,"7/5 split or product bleeding off the edge; headline left-aligned, one primary action.",Product clip-reveal or scroll-scrubbed rotation; copy arrives before the product settles.,image-reveal-clip|story-image-sequence,Services with no tangible product; stock imagery standing in for the product.
live-proof-hero,Live evidence hero,opening,live data|counter|real time|impact|feed|metric hero,"Opens with a live or current number (tonnes diverted today, orders shipped this hour) that proves the promise.",Number set in display size with a plain-language caption and source; secondary visual small.,Count once to the real value; a small pulse when it updates.,number-counter,No real data source; invented figures.
two-doors,Two doors,opening,audience split|choose path|segments|two audiences|fork|routing,"The first screen splits into two clearly labelled paths for two audiences (buyers and sellers, patients and clinicians).",Two halves or two large panels with equal weight; each leads to its own chapter sequence.,Hovered door expands slightly; chosen path transitions with a view transition.,view-transition-same-document|react-view-transition,Single-audience brands; more than two audiences (use navigation instead).
film-poster,Film poster open,opening,video|film|reel|trailer|poster|loop|moving image|docking video,"A looping film still or short reel as the opening, framed like a poster; it may shrink and dock into the layout as the page scrolls.","Full-bleed video with a pause control, title block in a corner like a poster credit.",Video loops muted with a visible pause; title fades in after the first frame; optional scrubbed dock.,hero-load-sequence|story-zoom-through,Slow networks as the main audience; brands without real footage.
kinetic-type,Kinetic type moment,opening,kinetic typography|3d type|big text|brand name|wave text|type as image,"Giant type bends, tilts or waves with scroll so the words become the image; one moment per site.","Full-width display type, few words, high contrast; body text elsewhere stays conventional.",Scrubbed 3D or wave transforms on split words; flattened on mobile and under reduced motion.,text-split-reveal|story-text-highlight,"Civic, healthcare or finance brands; long words at 390 px."
founder-letter,Founder letter,origin,founder|founder story|origin story|letter|note|why we started|personal|signature|vision,"A short letter from the founder in their own voice, signed, explaining why the company exists.","Narrow text column (60-66ch), serif or handwriting accent, portrait small in the margin.",Signature draws once when reached; paragraphs static.,draw-on-scroll|scroll-reveal,Founder unwilling to be the face; corporate brands with many owners.
origin-timeline,Origin timeline,origin,history|timeline|milestones|years|journey|heritage|since|anniversary,"The company's history as dated milestones along a line that draws as you scroll, each with an artifact or photo.","Vertical line with alternating milestones, or a pinned horizontal rail on desktop.","Line draws with scroll, milestones light up as passed.",story-path-journey|draw-on-scroll|gsap-pinned-horizontal,Young companies with fewer than four meaningful milestones.
then-and-now,Then and now,origin,archive|old photo|heritage|history|before|legacy,"Archive photographs paired with today's view of the same place, product or people.",Paired images at identical aspect ratio with a caption line per pair.,Scroll-scrubbed wipe from archive to present.,story-before-after|image-reveal-clip,No archive material.
first-artifact,The first artifact,origin,sketch|prototype|first product|object|macro|annotation|detail,"A macro view of the object that started it all (first sketch, first tool, first batch) with handwritten-style annotations.",One large image with 3-5 callouts connected by thin leader lines.,"Zoom into the artifact, callouts draw in one by one.",story-zoom-through|story-scene|draw-on-scroll,Brands whose origin is not tied to an object.
illustrated-panels,Illustrated panels,origin,comic|illustration|panels|storybook|character|mascot|graphic novel,"The origin told as illustrated panels that appear and animate in sequence, so scrolling turns the pages.","One panel per viewport on mobile, a pinned panel grid on desktop; captions set like speech or narration.",Panels reveal and pan per step; characters animate with Lottie or Rive when available.,story-chapters|story-scene|story-scroll,Brands without a consistent illustration hand; formal B2B audiences.
problem-scaled,"The problem, scaled",tension,problem|stakes|statistic|urgency|impact|scale|why it matters,"Makes the problem physical: one statistic grows until it fills the screen, then the brand's answer appears.",Single number or shape that grows to full bleed; one sentence of context with a source.,"Scrubbed growth of the figure, then a hard cut to calm.",story-scroll|story-scene|number-counter,"Positive-only brands (celebrations, gifts) where dwelling on a problem is off-tone."
status-quo-swap,Status quo vs our way,tension,comparison|versus|old way|new way|contrast|them vs us|alternative,"Shows the familiar frustrating way next to the brand's way, swapping one into the other as you scroll.","Split frame or layered scene with a moving divider; short labels, no feature lists.",Clip-path swap scrubbed by scroll; a range input for manual comparison.,story-before-after,When the comparison names competitors (legal risk) or is unfair.
myths-flipped,Myths flipped,tension,myth|misconception|truth|objection|debunk,Common misconceptions set as statements that get struck out and corrected as you read.,"Large statements in a single column, correction set beneath in the accent voice.","Strike-through wipes across, correction rises once.",story-text-highlight|scroll-reveal,Audiences who may feel mocked; sensitive health topics.
manifesto,Manifesto,voice,manifesto|beliefs|values|principles|we believe|mission|creed,"A few short lines of belief that brighten as they are read, the brand talking in its own voice.","Large type, one idea per line, generous leading; full-width or offset column.",Words brighten with scroll; optionally pinned chapters per belief.,story-text-highlight|story-chapters,Brands without a genuine point of view; utility products.
interlude,Interlude,voice,quote|pause|breathing room|pull quote|statement|divider,"One oversized line or quote between dense sections, giving the page a breath and a change of pace.","Single line, full width, lots of space above and below.",Line reveals once; or static.,text-split-reveal|scroll-reveal,More than two per page.
lexicon,Brand lexicon,voice,glossary|terms|vocabulary|language|definitions|jargon,"The brand's own words defined like a dictionary entry: term, pronunciation, meaning, use in a sentence.","Dictionary layout, term in display face, definition in body.",Entries expand in place.,accordion-height,Brands without distinctive vocabulary.
sticky-build,Build-up scrollytelling,method,build|assemble|construction|how it is made|process|step by step|sticky|scrollytelling|building,A sticky visual assembles or changes step by step while short text steps scroll past; the reader watches the thing get made.,Sticky stage (55-60%) beside or behind 3-6 text steps; mobile pins the stage on top.,"Scene verbs (drop, grow, light, draw) per step, scrubbed or played per step.",story-scroll|story-scene|story-react|story-motion-react,Processes with fewer than three meaningful visual changes; dense app screens.
process-path,Process as a path,method,process|workflow|pipeline|steps|route|how it works,The process drawn as a route through stations; each station is a step with one sentence and one visual.,"Winding or straight SVG path spanning the section, stations anchored along it.","Path draws with scroll, a marker travels, stations light up.",story-path-journey|draw-on-scroll,Non-linear processes (use a diagram or tabs).
flow-diagram,Diagram that builds,method,diagram|flowchart|system|architecture|how it works|explainer|nodes,"A system diagram builds node by node while connectors draw between them, each step explained beside it.",Sticky SVG diagram beside text steps; on mobile the diagram becomes a vertical flow.,Nodes pop in and connectors draw per step.,story-scroll|story-scene|draw-on-scroll,Systems too complex for 6-8 nodes (link to docs instead).
under-the-hood,Under the hood,method,zoom|inside|mechanism|detail|macro|deep dive|technology,"Zooms from the whole product into one mechanism or detail that makes it different, then explains it.",Pinned full-viewport scene; explanation appears once the zoom settles.,Scale-through zoom scrubbed by scroll.,story-zoom-through,Low-end devices as the main audience; products without an interesting interior.
day-in-the-life,A day in the life,method,day|hours|routine|schedule|morning to night|daily,Follows a customer or maker through one day; the light and a clock advance as the sections pass.,Sticky sky or clock stage with time-stamped text steps; palette warms and cools with the hour.,Scrubbed sun arc and color shift between steps.,story-scroll|story-scene,"Products used for a moment, not across a day."
ingredients-to-outcome,Ingredients to outcome,method,ingredients|inputs|recipe|formula|combine|made from|materials,"Named inputs (ingredients, materials, data sources) travel into the center and combine into the finished outcome.",Inputs arranged around a central stage; outcome revealed in the center.,"Inputs move inward in sequence, outcome pops in.",story-scene|story-scroll,Services whose inputs are abstract or confidential.
playground,Try it here,method,interactive|demo|configurator|playground|calculator|try it|sandbox,"A small working interaction (slider, calculator, configurator) that lets the visitor feel the product's value.",One focused control panel beside a live result; no fake UI.,Result updates with a short state morph; nothing autoplays.,view-transition-same-document|tab-indicator-flip,When the real product can't be simulated honestly.
long-comparison,One long comparison,method,comparison table|specs|plans|options|versus|table|feature matrix,"Replaces feature cards with one long, readable comparison table: rows of real attributes, one column per option.",Full-width table with sticky header row and first column; mobile swaps to stacked rows.,Rows appear immediately; only the recommended column highlights once.,scroll-reveal,Fewer than two options or fewer than five attributes.
exploded-anatomy,Exploded anatomy,product,exploded view|anatomy|layers|components|inside|hardware|engineering|materials,The product separates into labelled layers so the reader sees what it is made of and why each part matters.,"Centered product stage, labels on alternating sides with leader lines; text steps optional.","Parts move apart along one axis, labels fade in; reverses on scroll-up.",story-scene|story-scroll,Products that are a single material or purely digital.
product-orbit,Product orbit,product,360|rotate|product view|turntable|render|device|unboxing,"The product turns or unboxes as you scroll, stopping at angles where a short caption explains a detail.",Pinned canvas stage with captions appearing at set angles.,Canvas image-sequence scrubbed by scroll.,story-image-sequence|story-scroll,No render or photo sequence available.
brand-world,One brand world,product,3d world|immersive|webgl|scene|camera|universe|flagship,One persistent scene stays behind the whole page; each section is a new camera position or state of the same world.,Fixed full-bleed canvas behind short DOM sections; only 3-4 stops.,Camera moves between stops scrubbed by scroll; DOM copy fades per stop.,story-scroll|story-zoom-through,Performance-sensitive audiences; no 3D budget; content-heavy sites.
work-index,Index of work,catalogue,portfolio|projects|work|index|list|archive|case studies,"Projects as a dense typographic index; hovering a row shows its image, clicking opens the case study.","Full-width rows: name, client, year, discipline; image preview follows the cursor on desktop.",Preview clip-reveals on hover; route transition into the project.,image-reveal-clip|react-view-transition|view-transition-cross-document,Fewer than six projects (use large case cards instead).
index-catalogue,Catalogue as index,catalogue,catalogue|products|collection|shop|menu|list|range,"Products as a typographic index with filters; hovering previews, selecting opens the product with a shared-element morph.","Rows or tight grid with name, detail, price; filters as a sticky bar.",Filter changes morph with view transitions.,view-transition-same-document|react-view-transition,Visual-first products where images must lead (use a grid).
collection-rail,Collection rail,catalogue,collection|range|lineup|horizontal|gallery|seasonal,A season's collection or lineup moves sideways in a pinned rail with large images and small captions.,Pinned horizontal track of panels; native swipe with snap on mobile.,Horizontal pin scrubbed by scroll.,gsap-pinned-horizontal,Fewer than four items.
drift-gallery,Drift gallery,catalogue,gallery|photography|scattered|velocity|images|editorial|moodboard,"Scattered images drift at different speeds and open full-screen on click, like a moodboard you walk past.","Loose asymmetric placement on desktop, simple two-column grid on mobile.",Per-image parallax; expand with a shared-element transition; no velocity distortion on mobile.,parallax-layer|view-transition-same-document,Product catalogues where comparison matters.
data-story,Chart that tells the story,proof,chart|data|graph|results|growth|impact|numbers|evidence,"A chart draws point by point while the text explains what each change means, ending on the key result.",Sticky chart stage with annotated steps; axis and source visible.,"Line draws per step, annotations appear at their data points.",story-scroll|draw-on-scroll|story-scene,No real data or data that can't be published.
case-chapters,Case study chapters,proof,case study|client story|challenge|approach|result|project,"One client story told as three or four chapters (situation, approach, result) with real numbers and images.","Pinned chapters with a progress rail, or sticky stacked cards.","Chapter transitions (fade, wipe) scrubbed by scroll.",story-chapters|sticky-stack-cards,No client permission to publish details.
voices-montage,Voices montage,proof,testimonials|reviews|customers|quotes|voices|social proof,"Real customers speak one at a time over their own photo, like a documentary montage, instead of a card carousel.",Pinned full-bleed portrait with one quote and name; progress dots.,Crossfade between voices with scroll; no autoplay.,story-chapters|stagger-entrance,"No real, approved quotes (mark samples as placeholders)."
field-log,Field log,proof,log|journal|updates|notes|diary|build log|progress|changelog,Dated entries like a site logbook show steady work and progress; a sticky date rail tracks where you are.,"Sticky date column left, entries right, photos inline at fixed ratios.",Date rail highlights the current entry; entries static.,story-scroll|scroll-progress-bar,Brands with infrequent updates.
ledger,The ledger,proof,numbers|stats|metrics|figures|results|key facts|annual report,"Key numbers set like a financial statement with tabular figures and sources, not floating stat cards.",Ruled table or two-column ledger; numbers right-aligned in tabular numerals.,Numbers count once when reached.,number-counter|scroll-reveal,Vanity metrics with no source.
press-masthead,Press mastheads,proof,press|as seen in|media|logos|coverage|publications,"Real press coverage shown as mastheads with the actual headline, not a grey logo strip.","Row or column of masthead plus headline and date, linked to the article.","Static, or a slow pausable marquee when there are many.",marquee,No real coverage.
mixed-proof-grid,Mixed proof grid,proof,bento|grid|mosaic|highlights|overview|features,"A grid of different tile types (quote, number, image, short clip) summarising proof; tiles differ in size and content.","Asymmetric grid with 4-7 tiles of different kinds, never identical cards.",One staggered group entrance.,stagger-entrance,When used as the default features block; more than seven tiles.
map-journey,Map journey,place,map|route|origin|supply chain|travel|locations|sourcing|shipping|geography,"A route draws across a stylised map between the places that matter (farms, studios, stores), with a stop per story beat.","Sticky map stage with text stops, or a full-width map with inline labels.","Route draws with scroll, a marker travels, stops activate.",story-path-journey|story-scroll,Single-location businesses (use place-panorama).
place-panorama,Place panorama,place,place|location|venue|landscape|space|interior|destination,"A wide panorama of the place (venue, landscape, workshop) that pans sideways as you scroll down.",Pinned full-bleed wide image or illustration with captions anchored to spots.,Horizontal pan scrubbed by scroll with gentle depth layers.,gsap-pinned-horizontal|parallax-layer,No wide imagery; mobile-only audiences (use a native swipe rail).
visit-us,Visit us,place,location|address|opening hours|directions|store|find us,"Practical visit information set with character: hours, address, a small map, and what to expect on arrival.",Two columns: facts and a map or photo; hours in a clear table.,None beyond focus and hover states.,,Online-only businesses.
crew-portraits,Crew portraits,people,team|people|staff|crew|about us|founders|who we are,"The team as portraits of varied sizes with roles and one human detail each, not a uniform headshot grid.","Asymmetric grid of portraits at mixed sizes, names set in the display face.",Portraits clip-reveal once in reading order.,image-reveal-clip|stagger-entrance,Large organisations (show leadership plus a link) or when staff prefer privacy.
hands-at-work,Hands at work,people,craft|making|workshop|maker|behind the scenes|process video|artisans,"Close-up loops of hands doing the work, each with a one-line caption about the skill involved.",Row or grid of short muted loops at fixed ratio with captions; pause control.,Loops play only in view and stop under reduced motion.,scroll-reveal,Brands without real footage of their work.
community-wall,Community wall,people,community|customers|members|ugc|gallery|mosaic|fans,A mosaic of real community photos or posts showing who the brand is for.,Masonry or tight grid with mixed ratios; source handles visible.,Tiles fade in as a staggered group once.,stagger-entrance,No real community content or no permission.
before-after,Before and after,transformation,before after|transformation|renovation|makeover|results|restore|compare,"The same subject before and after the brand's work, revealed by a wipe as you scroll, with a manual slider.",Full-width image pair at identical framing; caption with what changed.,Clip-path wipe scrubbed by scroll plus range input.,story-before-after,Results that can't be shown honestly with photographs.
metamorphosis,Metamorphosis,transformation,transform|evolve|raw to refined|stages|change|grow|develop|morph,"One visual changes shape across steps (seed to tree, sketch to building, raw to refined) as the text explains each stage.",Sticky stage beside text steps; each stage is a clear state.,"Scene parts grow, move and fade per step.",story-scroll|story-scene,When the stages are not visually distinct.
invitation,Invitation,invitation,cta|call to action|contact|book|get started|join|sign up|ask,"A personal invitation in the brand's voice with one action and a sentence on what happens next, instead of a gradient CTA banner.","Offset column with the ask, one primary button, the next-step line underneath.",Primary button gets the page's one delight effect at most.,magnetic-button|scroll-reveal,Never skip an ask entirely; vary its form instead.
expanding-finale,Expanding finale,invitation,finale|ending|cta|closing|circle reveal|last screen,"A small brand shape grows to fill the screen at the end of the page, revealing the closing line and one action.",Pinned final section; closing line centered or offset inside the grown shape.,Scrubbed clip-path circle or scale; static full shape under reduced motion.,story-zoom-through|scroll-scrubbed-reveal,"Pages that end on practical information (hours, forms)."
guided-pricing,Guided pricing,invitation,pricing|plans|tiers|cost|quote|which plan,"Two or three questions lead to the right plan, then show its price and what's included.",Question steps then one recommended plan card beside the full plan table link.,Step changes morph in place.,view-transition-same-document|accordion-height,Simple single-price products (just state the price).
inline-booking,Inline booking,invitation,booking|reservation|form|appointment|quote request|inquiry|lead form,"The booking or inquiry form sits in the page flow as the final chapter, short and step-by-step.",Two to four steps with progress; summary beside the form on desktop.,Step changes slide in the direction of travel.,dialog-enter-exit|view-transition-same-document,Complex purchases needing a sales call first.
closing-letter,Closing letter,invitation,sign off|closing|goodbye|thank you|letter|ending,"The page ends the way it began, with a short signed note from the founder or team, closing the story loop.","Narrow column mirroring the opening letter, with signature.",Signature draws once.,draw-on-scroll,When the page did not open with a personal voice.
next-chapter,Next chapter footer,invitation,footer|next page|continue|navigation|read next|next project,"The footer becomes a large link to the next page of the story, so the site reads as chapters rather than dead ends.",Full-width block with the next chapter's title in display size and a preview image.,"Hover preview, then a page transition into the next chapter.",view-transition-cross-document|react-view-transition,Single-page sites.
faq-dialogue,FAQ as dialogue,utility,faq|questions|answers|help|objections|support,Questions and answers laid out as a conversation in the brand's voice rather than a grey accordion.,"Alternating question and answer blocks, or native details elements styled as dialogue.",Answers expand in place; no autoplaying chat.,accordion-height,Long support FAQs (use a help center).
