id,name,mood_tags,mode,bg,surface,text,muted,border,accent,accent_text,notes
paper-ink,Paper and ink,editorial|journalistic|calm|trustworthy|classic|serious|minimal|timeless|clean|literary,light,#f7f5f0,#ffffff,#1c1b19,#5f5b53,#dcd7cc,#1d3fb8,#ffffff,Warm off-white page with a deep ink-blue accent; reads like print. Use accent for links and one CTA.
swiss-signal,Swiss signal,swiss|precise|minimal|bold|modern|clean|confident|graphic|corporate,light,#fafafa,#ffffff,#141414,#595959,#e2e2e2,#d52b1e,#ffffff,Neutral grid-friendly greys with a single signal red. Red only on primary action and one typographic moment.
sage-studio,Sage studio,calm|natural|wellness|botanical|serene|organic|earthy|soft|spa|green|crafted|handmade,light,#f2f4ef,#fbfcf9,#1d2a22,#56645a,#d3dbd2,#2f6b4f,#ffffff,"Green-tinted neutrals so surfaces feel related to the accent. Suits wellness, gardening, sustainability."
desert-rose,Desert rose,warm|hospitality|boutique|romantic|soft|elegant|earthy|cozy,light,#fbf3f1,#ffffff,#2b1a1a,#6e5552,#ecd9d5,#b23a48,#ffffff,Blush page with a raspberry-red accent; avoids the cream plus terracotta default.
cobalt-porcelain,Cobalt porcelain,clean|trustworthy|fintech|clinical|modern|professional|corporate|calm|crisp|ceramic,light,#f4f6fb,#ffffff,#0f1a33,#4f5b76,#d6dcea,#1f4fe0,#ffffff,Cool blue-grey neutrals with saturated cobalt. Confident without the indigo-violet AI gradient.
citrus-market,Citrus market,playful|food|sunny|retail|fun|friendly|bright|energetic|fresh,light,#fffbea,#ffffff,#231f0f,#6b6242,#eee3b8,#f2c500,#231f0f,"Yellow accent takes dark text, not white. Use yellow as a fill (buttons, highlights), never as text on the light page."
mint-clinic,Mint clinic,health|clinical|fresh|reassuring|calm|clean|soft|modern|friendly,light,#f3faf8,#ffffff,#0e2a26,#4b6863,#cfe6e1,#0f766e,#ffffff,Teal accent with minty tinted surfaces; reads as care rather than tech.
plum-ink,Plum ink,literary|cultural|refined|arts|elegant|sophisticated|luxury|moody|editorial,light,#faf7fb,#ffffff,#241a2b,#635870,#e5dcea,#6d2e8c,#ffffff,Deep plum as the only accent on pale lilac-grey. Keep it flat; no gradients.
kraft-navy,Kraft and navy,crafted|artisan|heritage|workshop|handmade|earthy|vintage|rustic|warm|classic,light,#efe6d8,#f7f0e4,#2a2118,#62564a,#d6c8b3,#27507f,#ffffff,"Brown-paper page with a navy stamp-ink accent; for makers, printers, coffee, bookbinding."
high-vis,High vis,industrial|utility|bold|logistics|loud|energetic|techy|functional,light,#ffffff,#f4f4f4,#111111,#555555,#cfcfcf,#ff5f00,#111111,Safety orange on white with near-black text. Orange takes dark text for contrast.
nordic-fog,Nordic fog,quiet|scandinavian|architecture|calm|minimal|serene|soft|modern|clean,light,#eef1f3,#f8fafb,#1b2328,#56626b,#d5dce1,#2a6f97,#ffffff,"Cool fog greys and a muted fjord blue. Low energy, high polish."
poster-blue,Poster blue,brutal|poster|loud|zine|bold|edgy|energetic|graphic|playful,light,#fffdf5,#fff34f,#111111,#4a4a4a,#111111,#0033ff,#ffffff,"Yellow surfaces, black 2px borders, electric blue accent. Border is intentionally full-contrast for a brutalist look."
garden-party,Garden party,friendly|lifestyle|events|warm|playful|fun|cheerful|bright|natural,light,#fdf8f3,#ffffff,#22301f,#5b6857,#e7e0d4,#c2410c,#ffffff,Leafy dark text with a burnt-orange accent; cheerful but grown-up.
ocean-chart,Ocean chart,data|maritime|science|trustworthy|calm|professional|clean|modern|cool,light,#f5f8fa,#ffffff,#102030,#50606e,#dbe3ea,#006d77,#ffffff,Chart-paper neutrals with a deep teal accent. Good base for dashboards needing a light theme.
bubblegum,Bubblegum,playful|youthful|consumer-app|fun|friendly|bright|cheerful|bold|kids,light,#fff5f9,#ffffff,#2d1330,#6d4f6f,#f3d5e4,#ff3e8a,#2d1330,Hot pink accent with dark text on it. Pair with rounded type and chunky radii.
gallery-graphite,Gallery graphite,luxury|quiet|architecture|art|elegant|premium|minimal|modern|sophisticated|calm,light,#ece8e1,#f6f3ee,#1e1d1b,#5e5a54,#d2ccc2,#2f2e2b,#f6f3ee,"Near-monochrome: the accent is graphite. Distinction comes from type and spacing, not color."
tomato-ledger,Tomato ledger,editorial|finance|newsprint|serious|bold|classic|confident|vintage,light,#fffdf8,#ffffff,#1f1c17,#625d53,#e8e2d6,#c8341f,#ffffff,Ledger-paper white with a tomato red for highlights and data callouts.
pool-tile,Pool tile,summer|travel|fresh|hospitality|playful|bright|cheerful|cool|calm,light,#f0f8fb,#ffffff,#0b2a3a,#4a6573,#cde4ee,#0077b6,#ffffff,"Chlorine-blue tints and a clear pool-tile blue; for travel, swim, leisure."
midnight-ink,Midnight ink,technical|developer|focused|night|modern|techy|calm|cool|minimal,dark,#0e1116,#161b22,#e6e8eb,#9aa3ad,#262d36,#5eb1ff,#06121f,"Blue-black base, lifted surfaces, sky-blue accent with dark text on it. Elevation by lightness, not shadow."
carbon-amber,Carbon amber,instrument|audio|industrial|precise|techy|retro|warm|premium,dark,#111315,#1a1d20,#ecebe7,#a3a19b,#2a2d31,#ffb000,#1a1400,Amber indicator-light accent on carbon; evokes hardware and meters.
deep-forest,Deep forest,outdoors|natural|calm|sustainable|earthy|organic|serene|moody|crafted,dark,#0f1a14,#16241c,#e4ede6,#9db1a3,#253a2d,#7fd6a0,#0b1a11,Green-black base with a fresh leaf accent. Tint every neutral toward green.
oxblood-night,Oxblood night,moody|wine|restaurant|dramatic|luxury|elegant|warm|sophisticated,dark,#1a0f10,#241617,#f2e6e4,#b9a3a0,#3a2426,#e0655a,#1a0706,"Red-brown darks with a coral-red accent; restaurant, wine bar, theatre."
cobalt-dark,Cobalt dark,product|saas|confident|modern|techy|professional|clean|bold,dark,#0b1020,#121a31,#e8ecf7,#9aa6c4,#222c49,#7aa2ff,#0a1024,"Navy base, periwinkle-cobalt accent. A dark SaaS palette that is not indigo-to-violet."
graphite-mono,Graphite mono,minimal|monochrome|portfolio|precise|modern|clean|elegant|sophisticated|calm,dark,#161616,#1f1f1f,#ededed,#a3a3a3,#2e2e2e,#f0f0f0,#161616,Pure monochrome; the accent is near-white. Let one image or one headline carry the color.
teal-observatory,Teal observatory,science|space|data|calm|serene|techy|cool|modern,dark,#071a1d,#0d2529,#dff1f1,#92b4b5,#1b3a3e,#3fd0c9,#032224,"Deep teal night with a bright cyan-teal accent; for research, climate, astronomy."
velvet-orchid,Velvet orchid,nightlife|music|fashion|bold|luxury|dramatic|moody|glamorous|playful,dark,#17111c,#211828,#efe7f3,#b3a4bd,#342741,#f0a6ff,#1f0f29,"Orchid-pink accent on aubergine. Purple-leaning by design; use flat fills, no glow."
espresso-brass,Espresso brass,luxury|hospitality|coffee|quiet|warm|elegant|premium|crafted|cozy|vintage,dark,#14110e,#1d1915,#efe9df,#aea493,#2f2922,#c9a45c,#1a1408,"Classic premium pairing; widely used, so earn it with photography and type rather than defaulting to it."
dusk-coral,Dusk coral,creative|warm|event|energetic|playful|friendly|bold|cozy,dark,#0f0f1a,#181829,#ecebf5,#a4a3bd,#28283f,#ff7a59,#1d0a04,Blue-violet night with a warm coral accent; complementary temperatures give energy without neon.
slate-signal,Slate signal,dashboard|ops|dense|utility|professional|techy|functional|modern,dark,#0f1419,#171e25,#d9e1e8,#8d9aa7,#243039,#f2c94c,#1b1502,Slate greys with a signal-yellow accent for alerts and primary actions in data-heavy UIs.
night-rose,Night rose,romantic|beauty|editorial|soft|elegant|moody|luxury,dark,#140d10,#1e1418,#f5e9ee,#b8a2aa,#35242b,#ff8fab,#2a0a15,"Rose-tinted darks with a soft pink accent; beauty, fragrance, wedding."
terminal-green,Terminal phosphor,retro|developer|hacker|playful|techy|bold|edgy,dark,#0c110d,#131a14,#d8f0d8,#8fae90,#223024,#9be564,#0c110d,Phosphor green on green-black. A known dev cliche: use when the brief is literally terminal or retro-computing.
