id,display,body,mono,mood_tags,source,css_import,fallback_stack,notes,license
newsreader-public-sans,Newsreader,Public Sans,IBM Plex Mono,editorial|journalistic|trustworthy|longform|serif|sans|classic|serious|readable|news,google,"@import url('https://fonts.googleapis.com/css2?family=Newsreader:opsz,wght@6..72,400..700&family=Public+Sans:wght@400..700&family=IBM+Plex+Mono:wght@400;500&display=swap');","'Newsreader', Georgia, 'Times New Roman', serif ; 'Public Sans', ui-sans-serif, system-ui, -apple-system, 'Segoe UI', sans-serif ; 'IBM Plex Mono', ui-monospace, 'SFMono-Regular', Menlo, Consolas, monospace","Optical-size serif for headlines and pull quotes; Public Sans is plain and legible for UI text. Good for reports, magazines, policy sites.",OFL-1.1
instrument-serif-sans,Instrument Serif,Instrument Sans,JetBrains Mono,editorial|studio|portfolio|contemporary|serif|sans|elegant|modern|minimal|refined|fashion,google,@import url('https://fonts.googleapis.com/css2?family=Instrument+Serif:ital@0;1&family=Instrument+Sans:wght@400..700&family=JetBrains+Mono:wght@400;500&display=swap');,"'Instrument Serif', Georgia, 'Times New Roman', serif ; 'Instrument Sans', ui-sans-serif, system-ui, -apple-system, 'Segoe UI', sans-serif ; 'JetBrains Mono', ui-monospace, 'SFMono-Regular', Menlo, Consolas, monospace","Instrument Serif has one weight: use it large (48px+) and let the italic carry emphasis. Very popular 2024-26, so pair it with a distinctive layout.",OFL-1.1
bricolage-hanken,Bricolage Grotesque,Hanken Grotesk,,expressive|startup|friendly|quirky|grotesk|sans|playful|modern|characterful|bold,google,"@import url('https://fonts.googleapis.com/css2?family=Bricolage+Grotesque:opsz,wght@12..96,400..800&family=Hanken+Grotesk:wght@400..700&display=swap');","'Bricolage Grotesque', ui-sans-serif, system-ui, -apple-system, 'Segoe UI', sans-serif ; 'Hanken Grotesk', ui-sans-serif, system-ui, -apple-system, 'Segoe UI', sans-serif",Bricolage has an optical-size axis with ink-trap character at display sizes; keep body in calmer Hanken.,OFL-1.1
space-grotesk-plex,Space Grotesk,IBM Plex Sans,Space Mono,technical|developer|engineering|precise|grotesk|sans|monospace|modern|techy|futuristic|clean,google,@import url('https://fonts.googleapis.com/css2?family=Space+Grotesk:wght@400..700&family=IBM+Plex+Sans:wght@400;500;600&family=Space+Mono:wght@400;700&display=swap');,"'Space Grotesk', ui-sans-serif, system-ui, -apple-system, 'Segoe UI', sans-serif ; 'IBM Plex Sans', ui-sans-serif, system-ui, -apple-system, 'Segoe UI', sans-serif ; 'Space Mono', ui-monospace, 'SFMono-Regular', Menlo, Consolas, monospace",Geometric oddities in Space Grotesk read as engineered; Plex Sans handles dense docs and tables.,OFL-1.1
syne-manrope,Syne,Manrope,,creative-agency|art|bold|experimental|sans|geometric|modern|edgy|expressive|avant-garde,google,@import url('https://fonts.googleapis.com/css2?family=Syne:wght@500..800&family=Manrope:wght@400..700&display=swap');,"'Syne', ui-sans-serif, system-ui, -apple-system, 'Segoe UI', sans-serif ; 'Manrope', ui-sans-serif, system-ui, -apple-system, 'Segoe UI', sans-serif","Syne gets wider and stranger at heavy weights; use 700-800 for one oversized headline, not for every heading.",OFL-1.1
dm-serif-sans-mono,DM Serif Display,DM Sans,DM Mono,warm|approachable|product|consumer|serif|sans|monospace|friendly|modern|clean|soft,google,"@import url('https://fonts.googleapis.com/css2?family=DM+Serif+Display:ital@0;1&family=DM+Sans:opsz,wght@9..40,400..700&family=DM+Mono:wght@400;500&display=swap');","'DM Serif Display', Georgia, 'Times New Roman', serif ; 'DM Sans', ui-sans-serif, system-ui, -apple-system, 'Segoe UI', sans-serif ; 'DM Mono', ui-monospace, 'SFMono-Regular', Menlo, Consolas, monospace",A matched family trio; low risk and cohesive. Push color and layout for distinctiveness.,OFL-1.1
playfair-source-sans,Playfair Display,Source Sans 3,,classic|publishing|restaurant|heritage|serif|high-contrast|elegant|luxury|timeless|traditional,google,@import url('https://fonts.googleapis.com/css2?family=Playfair+Display:wght@400..800&family=Source+Sans+3:wght@400..700&display=swap');,"'Playfair Display', Georgia, 'Times New Roman', serif ; 'Source Sans 3', ui-sans-serif, system-ui, -apple-system, 'Segoe UI', sans-serif","High-contrast display serif; breaks down below about 24px, so never use it for body or small labels.",OFL-1.1
cormorant-jost,Cormorant Garamond,Jost,,luxury|fashion|hospitality|quiet|serif|geometric|sans|elegant|premium|refined|calm|romantic|delicate,google,@import url('https://fonts.googleapis.com/css2?family=Cormorant+Garamond:wght@400;500;600&family=Jost:wght@300..600&display=swap');,"'Cormorant Garamond', Georgia, 'Times New Roman', serif ; 'Jost', ui-sans-serif, system-ui, -apple-system, 'Segoe UI', sans-serif",Cormorant is delicate: set display at 56px+ and weight 500+; Jost's geometry keeps UI text crisp.,OFL-1.1
caslon-franklin,Libre Caslon Display,Libre Franklin,,literary|institutional|heritage|museum|serif|grotesk|classic|traditional|timeless|serious|authoritative,google,@import url('https://fonts.googleapis.com/css2?family=Libre+Caslon+Display&family=Libre+Franklin:wght@400..700&display=swap');,"'Libre Caslon Display', Georgia, 'Times New Roman', serif ; 'Libre Franklin', ui-sans-serif, system-ui, -apple-system, 'Segoe UI', sans-serif",Single-weight display Caslon for titles only; Franklin is a sturdy grotesque for everything else.,OFL-1.1
archivo-black-martian,Archivo Black,Archivo,Martian Mono,brutal|poster|industrial|loud|sans|monospace|bold|edgy|heavy|techy,google,@import url('https://fonts.googleapis.com/css2?family=Archivo+Black&family=Archivo:wght@400..700&family=Martian+Mono:wght@400;500&display=swap');,"'Archivo Black', ui-sans-serif, system-ui, -apple-system, 'Segoe UI', sans-serif ; 'Archivo', ui-sans-serif, system-ui, -apple-system, 'Segoe UI', sans-serif ; 'Martian Mono', ui-monospace, 'SFMono-Regular', Menlo, Consolas, monospace",Heavy display that works in uppercase; tighten tracking slightly at large sizes. Martian Mono adds a wide technical texture for labels.,OFL-1.1
unbounded-onest,Unbounded,Onest,,futuristic|youthful|event|gaming|sans|wide|geometric|playful|bold|modern,google,@import url('https://fonts.googleapis.com/css2?family=Unbounded:wght@400..800&family=Onest:wght@400..700&display=swap');,"'Unbounded', ui-sans-serif, system-ui, -apple-system, 'Segoe UI', sans-serif ; 'Onest', ui-sans-serif, system-ui, -apple-system, 'Segoe UI', sans-serif",Unbounded is wide; keep headlines short (2-5 words) or they wrap badly on mobile. Both support Cyrillic.,OFL-1.1
familjen-figtree,Familjen Grotesk,Figtree,,nordic|calm|product|clean|grotesk|sans|modern|minimal|friendly,google,@import url('https://fonts.googleapis.com/css2?family=Familjen+Grotesk:wght@400..700&family=Figtree:wght@400..700&display=swap');,"'Familjen Grotesk', ui-sans-serif, system-ui, -apple-system, 'Segoe UI', sans-serif ; 'Figtree', ui-sans-serif, system-ui, -apple-system, 'Segoe UI', sans-serif",Characterful grotesk with subtle quirks; a quiet alternative to the default neutral sans for SaaS.,OFL-1.1
young-serif-work-sans,Young Serif,Work Sans,,warm|crafted|food|bakery|local|serif|sans|handmade|artisan|cozy|friendly|soft|organic|rustic,google,@import url('https://fonts.googleapis.com/css2?family=Young+Serif&family=Work+Sans:wght@400..700&display=swap');,"'Young Serif', Georgia, 'Times New Roman', serif ; 'Work Sans', ui-sans-serif, system-ui, -apple-system, 'Segoe UI', sans-serif","Chunky soft serif with old-style warmth; one weight, so build hierarchy with size and color.",OFL-1.1
gloock-inclusive-sans,Gloock,Inclusive Sans,,civic|nonprofit|accessible|editorial|serif|sans|humanist|trustworthy|modern|readable|inclusive,google,@import url('https://fonts.googleapis.com/css2?family=Gloock&family=Inclusive+Sans&display=swap');,"'Gloock', Georgia, 'Times New Roman', serif ; 'Inclusive Sans', ui-sans-serif, system-ui, -apple-system, 'Segoe UI', sans-serif","Inclusive Sans was designed for legibility (distinct I, l and 1); Gloock gives headlines a confident high-contrast voice.",OFL-1.1
epilogue-solo,Epilogue,Epilogue,,minimal|swiss|precise|architecture|sans|modern|clean|bold|contemporary|geometric,google,@import url('https://fonts.googleapis.com/css2?family=Epilogue:wght@400..800&display=swap');,"'Epilogue', ui-sans-serif, system-ui, -apple-system, 'Segoe UI', sans-serif ; 'Epilogue', ui-sans-serif, system-ui, -apple-system, 'Segoe UI', sans-serif","One family; hierarchy through weight (400 vs 800) and size only. Suits grid-driven, restrained layouts.",OFL-1.1
bodoni-moda-karla,Bodoni Moda,Karla,,fashion|magazine|high-contrast|luxury|serif|didone|grotesk|elegant|glamorous|premium|editorial,google,"@import url('https://fonts.googleapis.com/css2?family=Bodoni+Moda:opsz,wght@6..96,400..700&family=Karla:wght@400..700&display=swap');","'Bodoni Moda', Georgia, 'Times New Roman', serif ; 'Karla', ui-sans-serif, system-ui, -apple-system, 'Segoe UI', sans-serif",Keep the opsz axis loaded so hairlines stay visible at smaller sizes; Karla's quirky grotesk keeps it from feeling stiff.,OFL-1.1
big-shoulders-barlow,Big Shoulders Display,Barlow,Roboto Mono,sports|transport|urban|industrial|condensed|sans|bold|strong|athletic,google,@import url('https://fonts.googleapis.com/css2?family=Big+Shoulders+Display:wght@600..900&family=Barlow:wght@400;500;600&family=Roboto+Mono:wght@400;500&display=swap');,"'Big Shoulders Display', ui-sans-serif, system-ui, -apple-system, 'Segoe UI', sans-serif ; 'Barlow', ui-sans-serif, system-ui, -apple-system, 'Segoe UI', sans-serif ; 'Roboto Mono', ui-monospace, 'SFMono-Regular', Menlo, Consolas, monospace","Condensed display that fits long words at big sizes; good for schedules, stats and signage-style UI.",OFL-1.1
zilla-slab-nunito-sans,Zilla Slab,Nunito Sans,,friendly|education|documentation|approachable|slab|serif|sans|humanist|warm|trustworthy|sturdy,google,"@import url('https://fonts.googleapis.com/css2?family=Zilla+Slab:wght@500;700&family=Nunito+Sans:opsz,wght@6..12,400..700&display=swap');","'Zilla Slab', Georgia, 'Times New Roman', serif ; 'Nunito Sans', ui-sans-serif, system-ui, -apple-system, 'Segoe UI', sans-serif",Slab headings feel sturdy and human; Nunito Sans is soft but neutral enough for long text.,OFL-1.1
fredoka-nunito,Fredoka,Nunito,,playful|kids|rounded|consumer-app|sans|friendly|fun|soft|cute,google,@import url('https://fonts.googleapis.com/css2?family=Fredoka:wght@400..700&family=Nunito:wght@400..800&display=swap');,"'Fredoka', ui-sans-serif, system-ui, -apple-system, 'Segoe UI', sans-serif ; 'Nunito', ui-sans-serif, system-ui, -apple-system, 'Segoe UI', sans-serif",Rounded throughout; pair with flat bold color and generous radii. Avoid for serious or financial products.,OFL-1.1
chivo-mono,Chivo,Chivo,Chivo Mono,data|dashboard|fintech|dense|grotesk|sans|monospace|technical|modern|professional|clean,google,@import url('https://fonts.googleapis.com/css2?family=Chivo:wght@400..800&family=Chivo+Mono:wght@400;500&display=swap');,"'Chivo', ui-sans-serif, system-ui, -apple-system, 'Segoe UI', sans-serif ; 'Chivo', ui-sans-serif, system-ui, -apple-system, 'Segoe UI', sans-serif ; 'Chivo Mono', ui-monospace, 'SFMono-Regular', Menlo, Consolas, monospace",Grotesk with a matching mono for numbers and codes; enable tabular-nums in tables.,OFL-1.1
anybody-atkinson-next,Anybody,Atkinson Hyperlegible Next,,experimental|accessible|variable|playful|sans|legible|techy|bold|quirky,google,"@import url('https://fonts.googleapis.com/css2?family=Anybody:wdth,wght@50..150,400..900&family=Atkinson+Hyperlegible+Next:wght@400..700&display=swap');","'Anybody', ui-sans-serif, system-ui, -apple-system, 'Segoe UI', sans-serif ; 'Atkinson Hyperlegible Next', ui-sans-serif, system-ui, -apple-system, 'Segoe UI', sans-serif",Anybody's width axis (50-150) lets headlines stretch or compress to fit; Atkinson Hyperlegible Next keeps body highly legible.,OFL-1.1
red-hat-trio,Red Hat Display,Red Hat Text,Red Hat Mono,enterprise|open-source|documentation|clear|sans|monospace|professional|corporate|modern|clean|trustworthy,google,@import url('https://fonts.googleapis.com/css2?family=Red+Hat+Display:wght@500..800&family=Red+Hat+Text:wght@400..600&family=Red+Hat+Mono:wght@400;500&display=swap');,"'Red Hat Display', ui-sans-serif, system-ui, -apple-system, 'Segoe UI', sans-serif ; 'Red Hat Text', ui-sans-serif, system-ui, -apple-system, 'Segoe UI', sans-serif ; 'Red Hat Mono', ui-monospace, 'SFMono-Regular', Menlo, Consolas, monospace",Display and Text cuts are tuned for their sizes; a coherent system for product docs and marketing.,OFL-1.1
geist-solo,Geist,Geist,Geist Mono,developer-tools|precise|product|neutral|sans|monospace|minimal|techy|modern|clean|developer,google,@import url('https://fonts.googleapis.com/css2?family=Geist:wght@400..700&family=Geist+Mono:wght@400;500&display=swap');,"'Geist', ui-sans-serif, system-ui, -apple-system, 'Segoe UI', sans-serif ; 'Geist', ui-sans-serif, system-ui, -apple-system, 'Segoe UI', sans-serif ; 'Geist Mono', ui-monospace, 'SFMono-Regular', Menlo, Consolas, monospace","Very common on dev-tool sites; choose it only when the brief wants that register, and put the signature elsewhere.",OFL-1.1
literata-albert-sans,Literata,Albert Sans,,reading|books|calm|longform|serif|sans|humanist|editorial|readable|quiet|literary|trustworthy,google,"@import url('https://fonts.googleapis.com/css2?family=Literata:opsz,wght@7..72,400..700&family=Albert+Sans:wght@400..700&display=swap');","'Literata', Georgia, 'Times New Roman', serif ; 'Albert Sans', ui-sans-serif, system-ui, -apple-system, 'Segoe UI', sans-serif",Literata was made for long-form screen reading; it can serve as body too on article-heavy sites.,OFL-1.1
marcellus-rethink,Marcellus,Rethink Sans,,luxury|spa|architecture|quiet|serif|flared|sans|elegant|serene|premium|timeless|classical,google,@import url('https://fonts.googleapis.com/css2?family=Marcellus&family=Rethink+Sans:wght@400..700&display=swap');,"'Marcellus', Georgia, 'Times New Roman', serif ; 'Rethink Sans', ui-sans-serif, system-ui, -apple-system, 'Segoe UI', sans-serif","Flared Roman capitals feel carved and calm; set headings in title case or small caps, never faux-bold.",OFL-1.1
anton-spline,Anton,Spline Sans,Spline Sans Mono,campaign|music|festival|bold|condensed|sans|loud|energetic|poster|impactful,google,@import url('https://fonts.googleapis.com/css2?family=Anton&family=Spline+Sans:wght@400..700&family=Spline+Sans+Mono:wght@400;500&display=swap');,"'Anton', ui-sans-serif, system-ui, -apple-system, 'Segoe UI', sans-serif ; 'Spline Sans', ui-sans-serif, system-ui, -apple-system, 'Segoe UI', sans-serif ; 'Spline Sans Mono', ui-monospace, 'SFMono-Regular', Menlo, Consolas, monospace",Tall condensed display for huge uppercase moments; Spline Sans is a friendly grotesk for body.,OFL-1.1
noto-serif-display-sans,Noto Serif Display,Noto Sans,,multilingual|global|neutral|institutional|serif|sans|international|professional|calm|trustworthy,google,@import url('https://fonts.googleapis.com/css2?family=Noto+Serif+Display:wght@400..700&family=Noto+Sans:wght@400..700&display=swap');,"'Noto Serif Display', Georgia, 'Times New Roman', serif ; 'Noto Sans', ui-sans-serif, system-ui, -apple-system, 'Segoe UI', sans-serif",Pick when the site must cover many scripts; add per-script Noto families (for example Noto Sans JP) as needed.,OFL-1.1
shrikhand-outfit,Shrikhand,Outfit,,retro|playful|food|dessert|display|geometric|sans|fun|warm|vintage|bold,google,@import url('https://fonts.googleapis.com/css2?family=Shrikhand&family=Outfit:wght@400..700&display=swap');,"'Shrikhand', Georgia, 'Times New Roman', serif ; 'Outfit', ui-sans-serif, system-ui, -apple-system, 'Segoe UI', sans-serif",Fat italic display with 70s warmth; use it for one logo-scale moment of one or two words.,OFL-1.1
plex-serif-sans-mono,IBM Plex Serif,IBM Plex Sans,IBM Plex Mono,corporate|research|technical-documentation|serious|serif|sans|monospace|professional|technical|trustworthy|engineering,google,@import url('https://fonts.googleapis.com/css2?family=IBM+Plex+Serif:wght@400;600&family=IBM+Plex+Sans:wght@400;500;600&family=IBM+Plex+Mono:wght@400;500&display=swap');,"'IBM Plex Serif', Georgia, 'Times New Roman', serif ; 'IBM Plex Sans', ui-sans-serif, system-ui, -apple-system, 'Segoe UI', sans-serif ; 'IBM Plex Mono', ui-monospace, 'SFMono-Regular', Menlo, Consolas, monospace",A complete superfamily; serif headings over sans body read as considered and institutional.,OFL-1.1
hedvig-serif-sans,Hedvig Letters Serif,Hedvig Letters Sans,,scandinavian|design-studio|quiet|crafted|serif|sans|minimal|calm|modern|handmade|artisan|elegant,google,@import url('https://fonts.googleapis.com/css2?family=Hedvig+Letters+Serif:opsz@12..24&family=Hedvig+Letters+Sans&display=swap');,"'Hedvig Letters Serif', Georgia, 'Times New Roman', serif ; 'Hedvig Letters Sans', ui-sans-serif, system-ui, -apple-system, 'Segoe UI', sans-serif","Sibling serif and sans with shared proportions; understated, good for small studios and shops.",OFL-1.1
fraunces-commissioner,Fraunces,Commissioner,,warm|crafted|soft|lifestyle|serif|sans|humanist|cozy|friendly|organic|handmade|artisan|playful,google,"@import url('https://fonts.googleapis.com/css2?family=Fraunces:opsz,wght@9..144,400..800&family=Commissioner:wght@400..700&display=swap');","'Fraunces', Georgia, 'Times New Roman', serif ; 'Commissioner', ui-sans-serif, system-ui, -apple-system, 'Segoe UI', sans-serif",Fraunces is a frequent AI default; justify it from the brief and tune its opsz and weight rather than reaching for it by reflex.,OFL-1.1
crimson-schibsted,Crimson Pro,Schibsted Grotesk,,news|academic|serious|trustworthy|serif|grotesk|sans|editorial|classic|journalistic|bookish,google,@import url('https://fonts.googleapis.com/css2?family=Crimson+Pro:wght@400..700&family=Schibsted+Grotesk:wght@400..800&display=swap');,"'Crimson Pro', Georgia, 'Times New Roman', serif ; 'Schibsted Grotesk', ui-sans-serif, system-ui, -apple-system, 'Segoe UI', sans-serif",Bookish serif headlines with a newsroom grotesk (made for a news publisher) for UI and captions.,OFL-1.1
petrona-mona-sans,Petrona,Mona Sans,,tech-blog|editorial|modern|product|serif|sans|warm|contemporary|approachable,google,@import url('https://fonts.googleapis.com/css2?family=Petrona:wght@400..800&family=Mona+Sans:wght@400..800&display=swap');,"'Petrona', Georgia, 'Times New Roman', serif ; 'Mona Sans', ui-sans-serif, system-ui, -apple-system, 'Segoe UI', sans-serif",Petrona's slightly rough serif adds warmth to a technical product voice; Mona Sans also has a width axis.,OFL-1.1
